{"cameraMode":{"drawMode":0,"name":"Shaded","section":"Shading Mode"},"sceneLighting":true,"audioPlay":false,"sceneViewState":{"m_AlwaysRefresh":false,"showFog":true,"showSkybox":true,"showFlares":true,"showImageEffects":true,"showParticleSystems":true,"showVisualEffectGraphs":true,"m_FxEnabled":true},"in2DMode":false,"pivot":{"x":-21.48287582397461,"y":5.148296356201172,"z":-17.776657104492189},"rotation":{"x":0.00003420326902414672,"y":-0.9997508525848389,"z":0.0011992155341431499,"w":0.023094989359378816},"size":4.053714275360107,"orthographic":false}