{"cameraMode":{"drawMode":0,"name":"Shaded","section":"Shading Mode"},"sceneLighting":true,"audioPlay":false,"sceneViewState":{"m_AlwaysRefresh":false,"showFog":true,"showSkybox":true,"showFlares":true,"showImageEffects":true,"showParticleSystems":true,"showVisualEffectGraphs":true,"m_FxEnabled":true},"in2DMode":false,"pivot":{"x":-7.3843770027160648,"y":1.5205519199371338,"z":6.855497360229492},"rotation":{"x":0.06234220415353775,"y":0.022453879937529565,"z":-0.0014028280274942518,"w":0.9978025555610657},"size":9.506509780883789,"orthographic":false}