{"cameraMode":{"drawMode":0,"name":"Shaded","section":"Shading Mode"},"sceneLighting":true,"audioPlay":false,"sceneViewState":{"m_AlwaysRefresh":false,"showFog":true,"showSkybox":true,"showFlares":true,"showImageEffects":true,"showParticleSystems":true,"showVisualEffectGraphs":true,"m_FxEnabled":true},"in2DMode":false,"pivot":{"x":5.010980606079102,"y":-3.7403817176818849,"z":-0.6806554794311523},"rotation":{"x":0.18610912561416627,"y":0.40980252623558047,"z":-0.08580447733402252,"w":0.8888582587242127},"size":9.506509780883789,"orthographic":false}